-- マイグレーション003: マスターデータ投入
-- 地方、都道府県、市区町村、街データを投入

-- ===============================
-- 1. 地方データ投入
-- ===============================

INSERT INTO regions (id, name, name_kana, name_translations, country_code, display_order, created_at, updated_at) VALUES
  ('hokkaido', '北海道', 'ほっかいどう', NULL, 'jp', 1, '2025-11-15T12:11:14.633Z', '2025-11-15T12:11:14.633Z'),
  ('tohoku', '東北', 'とうほく', NULL, 'jp', 2, '2025-11-15T12:11:14.633Z', '2025-11-15T12:11:14.633Z'),
  ('kanto', '関東', 'かんとう', NULL, 'jp', 3, '2025-11-15T12:11:14.633Z', '2025-11-15T12:11:14.633Z'),
  ('chubu', '中部', 'ちゅうぶ', NULL, 'jp', 4, '2025-11-15T12:11:14.633Z', '2025-11-15T12:11:14.633Z'),
  ('kinki', '近畿', 'きんき', NULL, 'jp', 5, '2025-11-15T12:11:14.633Z', '2025-11-15T12:11:14.633Z'),
  ('chugoku', '中国', 'ちゅうごく', NULL, 'jp', 6, '2025-11-15T12:11:14.633Z', '2025-11-15T12:11:14.633Z'),
  ('shikoku', '四国', 'しこく', NULL, 'jp', 7, '2025-11-15T12:11:14.633Z', '2025-11-15T12:11:14.633Z'),
  ('kyushu', '九州', 'きゅうしゅう', NULL, 'jp', 8, '2025-11-15T12:11:14.633Z', '2025-11-15T12:11:14.633Z'),
  ('okinawa', '沖縄', 'おきなわ', NULL, 'jp', 9, '2025-11-15T12:11:14.633Z', '2025-11-15T12:11:14.633Z')
ON CONFLICT (id) DO NOTHING;

-- ===============================
-- 2. 都道府県データ投入
-- ===============================

INSERT INTO prefectures (id, name, name_kana, name_translations, region_id, country_code, created_at, updated_at) VALUES
  ('hokkaido', '北海道', 'ほっかいどう', NULL, 'hokkaido', 'jp', '2025-11-15T12:11:14.633Z', '2025-11-15T12:11:14.633Z'),
  ('aomori', '青森県', 'あおもりけん', NULL, 'tohoku', 'jp', '2025-11-15T12:11:14.633Z', '2025-11-15T12:11:14.633Z'),
  ('iwate', '岩手県', 'いわてけん', NULL, 'tohoku', 'jp', '2025-11-15T12:11:14.633Z', '2025-11-15T12:11:14.633Z'),
  ('miyagi', '宮城県', 'みやぎけん', NULL, 'tohoku', 'jp', '2025-11-15T12:11:14.633Z', '2025-11-15T12:11:14.633Z'),
  ('akita', '秋田県', 'あきたけん', NULL, 'tohoku', 'jp', '2025-11-15T12:11:14.633Z', '2025-11-15T12:11:14.633Z'),
  ('yamagata', '山形県', 'やまがたけん', NULL, 'tohoku', 'jp', '2025-11-15T12:11:14.633Z', '2025-11-15T12:11:14.633Z'),
  ('fukushima', '福島県', 'ふくしまけん', NULL, 'tohoku', 'jp', '2025-11-15T12:11:14.633Z', '2025-11-15T12:11:14.633Z'),
  ('ibaraki', '茨城県', 'いばらきけん', NULL, 'kanto', 'jp', '2025-11-15T12:11:14.633Z', '2025-11-15T12:11:14.633Z'),
  ('tochigi', '栃木県', 'とちぎけん', NULL, 'kanto', 'jp', '2025-11-15T12:11:14.633Z', '2025-11-15T12:11:14.633Z'),
  ('gunma', '群馬県', 'ぐんまけん', NULL, 'kanto', 'jp', '2025-11-15T12:11:14.633Z', '2025-11-15T12:11:14.633Z'),
  ('saitama', '埼玉県', 'さいたまけん', NULL, 'kanto', 'jp', '2025-11-15T12:11:14.633Z', '2025-11-15T12:11:14.633Z'),
  ('chiba', '千葉県', 'ちばけん', NULL, 'kanto', 'jp', '2025-11-15T12:11:14.633Z', '2025-11-15T12:11:14.633Z'),
  ('tokyo', '東京都', 'とうきょうと', NULL, 'kanto', 'jp', '2025-11-15T12:11:14.633Z', '2025-11-15T12:11:14.633Z'),
  ('kanagawa', '神奈川県', 'かながわけん', NULL, 'kanto', 'jp', '2025-11-15T12:11:14.633Z', '2025-11-15T12:11:14.633Z'),
  ('niigata', '新潟県', 'にいがたけん', NULL, 'chubu', 'jp', '2025-11-15T12:11:14.633Z', '2025-11-15T12:11:14.633Z'),
  ('toyama', '富山県', 'とやまけん', NULL, 'chubu', 'jp', '2025-11-15T12:11:14.633Z', '2025-11-15T12:11:14.633Z'),
  ('ishikawa', '石川県', 'いしかわけん', NULL, 'chubu', 'jp', '2025-11-15T12:11:14.633Z', '2025-11-15T12:11:14.633Z'),
  ('fukui', '福井県', 'ふくいけん', NULL, 'chubu', 'jp', '2025-11-15T12:11:14.633Z', '2025-11-15T12:11:14.633Z'),
  ('yamanashi', '山梨県', 'やまなしけん', NULL, 'chubu', 'jp', '2025-11-15T12:11:14.633Z', '2025-11-15T12:11:14.633Z'),
  ('nagano', '長野県', 'ながのけん', NULL, 'chubu', 'jp', '2025-11-15T12:11:14.633Z', '2025-11-15T12:11:14.633Z'),
  ('gifu', '岐阜県', 'ぎふけん', NULL, 'chubu', 'jp', '2025-11-15T12:11:14.633Z', '2025-11-15T12:11:14.633Z'),
  ('shizuoka', '静岡県', 'しずおかけん', NULL, 'chubu', 'jp', '2025-11-15T12:11:14.633Z', '2025-11-15T12:11:14.633Z'),
  ('aichi', '愛知県', 'あいちけん', NULL, 'chubu', 'jp', '2025-11-15T12:11:14.633Z', '2025-11-15T12:11:14.633Z'),
  ('mie', '三重県', 'みえけん', NULL, 'kinki', 'jp', '2025-11-15T12:11:14.633Z', '2025-11-15T12:11:14.633Z'),
  ('shiga', '滋賀県', 'しがけん', NULL, 'kinki', 'jp', '2025-11-15T12:11:14.633Z', '2025-11-15T12:11:14.633Z'),
  ('kyoto', '京都府', 'きょうとふ', NULL, 'kinki', 'jp', '2025-11-15T12:11:14.633Z', '2025-11-15T12:11:14.633Z'),
  ('osaka', '大阪府', 'おおさかふ', NULL, 'kinki', 'jp', '2025-11-15T12:11:14.633Z', '2025-11-15T12:11:14.633Z'),
  ('hyogo', '兵庫県', 'ひょうごけん', NULL, 'kinki', 'jp', '2025-11-15T12:11:14.633Z', '2025-11-15T12:11:14.633Z'),
  ('nara', '奈良県', 'ならけん', NULL, 'kinki', 'jp', '2025-11-15T12:11:14.633Z', '2025-11-15T12:11:14.633Z'),
  ('wakayama', '和歌山県', 'わかやまけん', NULL, 'kinki', 'jp', '2025-11-15T12:11:14.633Z', '2025-11-15T12:11:14.633Z'),
  ('tottori', '鳥取県', 'とっとりけん', NULL, 'chugoku', 'jp', '2025-11-15T12:11:14.633Z', '2025-11-15T12:11:14.633Z'),
  ('shimane', '島根県', 'しまねけん', NULL, 'chugoku', 'jp', '2025-11-15T12:11:14.633Z', '2025-11-15T12:11:14.633Z'),
  ('okayama', '岡山県', 'おかやまけん', NULL, 'chugoku', 'jp', '2025-11-15T12:11:14.633Z', '2025-11-15T12:11:14.633Z'),
  ('hiroshima', '広島県', 'ひろしまけん', NULL, 'chugoku', 'jp', '2025-11-15T12:11:14.633Z', '2025-11-15T12:11:14.633Z'),
  ('yamaguchi', '山口県', 'やまぐちけん', NULL, 'chugoku', 'jp', '2025-11-15T12:11:14.633Z', '2025-11-15T12:11:14.633Z'),
  ('tokushima', '徳島県', 'とくしまけん', NULL, 'shikoku', 'jp', '2025-11-15T12:11:14.633Z', '2025-11-15T12:11:14.633Z'),
  ('kagawa', '香川県', 'かがわけん', NULL, 'shikoku', 'jp', '2025-11-15T12:11:14.633Z', '2025-11-15T12:11:14.633Z'),
  ('ehime', '愛媛県', 'えひめけん', NULL, 'shikoku', 'jp', '2025-11-15T12:11:14.633Z', '2025-11-15T12:11:14.633Z'),
  ('kochi', '高知県', 'こうちけん', NULL, 'shikoku', 'jp', '2025-11-15T12:11:14.633Z', '2025-11-15T12:11:14.633Z'),
  ('fukuoka', '福岡県', 'ふくおかけん', NULL, 'kyushu', 'jp', '2025-11-15T12:11:14.633Z', '2025-11-15T12:11:14.633Z'),
  ('saga', '佐賀県', 'さがけん', NULL, 'kyushu', 'jp', '2025-11-15T12:11:14.633Z', '2025-11-15T12:11:14.633Z'),
  ('nagasaki', '長崎県', 'ながさきけん', NULL, 'kyushu', 'jp', '2025-11-15T12:11:14.633Z', '2025-11-15T12:11:14.633Z'),
  ('kumamoto', '熊本県', 'くまもとけん', NULL, 'kyushu', 'jp', '2025-11-15T12:11:14.633Z', '2025-11-15T12:11:14.633Z'),
  ('oita', '大分県', 'おおいたけん', NULL, 'kyushu', 'jp', '2025-11-15T12:11:14.633Z', '2025-11-15T12:11:14.633Z'),
  ('miyazaki', '宮崎県', 'みやざきけん', NULL, 'kyushu', 'jp', '2025-11-15T12:11:14.633Z', '2025-11-15T12:11:14.633Z'),
  ('kagoshima', '鹿児島県', 'かごしまけん', NULL, 'kyushu', 'jp', '2025-11-15T12:11:14.633Z', '2025-11-15T12:11:14.633Z'),
  ('okinawa', '沖縄県', 'おきなわけん', NULL, 'okinawa', 'jp', '2025-11-15T12:11:14.633Z', '2025-11-15T12:11:14.633Z')
ON CONFLICT (id) DO NOTHING;

-- ===============================
-- 3. 市区町村データ投入
-- ===============================

INSERT INTO cities (id, prefecture_id, name, name_kana, name_translations, type, country_code, created_at, updated_at) VALUES
  ('chiyoda', 'tokyo', '千代田区', 'ちよだく', NULL, '区', 'jp', '2025-11-15T12:11:14.633Z', '2025-11-15T12:11:14.633Z'),
  ('chuo', 'tokyo', '中央区', 'ちゅうおうく', NULL, '区', 'jp', '2025-11-15T12:11:14.633Z', '2025-11-15T12:11:14.633Z'),
  ('minato', 'tokyo', '港区', 'みなとく', NULL, '区', 'jp', '2025-11-15T12:11:14.633Z', '2025-11-15T12:11:14.633Z'),
  ('shinjuku', 'tokyo', '新宿区', 'しんじゅくく', NULL, '区', 'jp', '2025-11-15T12:11:14.633Z', '2025-11-15T12:11:14.633Z'),
  ('bunkyo', 'tokyo', '文京区', 'ぶんきょうく', NULL, '区', 'jp', '2025-11-15T12:11:14.633Z', '2025-11-15T12:11:14.633Z'),
  ('taito', 'tokyo', '台東区', 'たいとうく', NULL, '区', 'jp', '2025-11-15T12:11:14.633Z', '2025-11-15T12:11:14.633Z'),
  ('sumida', 'tokyo', '墨田区', 'すみだく', NULL, '区', 'jp', '2025-11-15T12:11:14.633Z', '2025-11-15T12:11:14.633Z'),
  ('koto', 'tokyo', '江東区', 'こうとうく', NULL, '区', 'jp', '2025-11-15T12:11:14.633Z', '2025-11-15T12:11:14.633Z'),
  ('shinagawa', 'tokyo', '品川区', 'しながわく', NULL, '区', 'jp', '2025-11-15T12:11:14.633Z', '2025-11-15T12:11:14.633Z'),
  ('meguro', 'tokyo', '目黒区', 'めぐろく', NULL, '区', 'jp', '2025-11-15T12:11:14.633Z', '2025-11-15T12:11:14.633Z'),
  ('ota', 'tokyo', '大田区', 'おおたく', NULL, '区', 'jp', '2025-11-15T12:11:14.633Z', '2025-11-15T12:11:14.633Z'),
  ('setagaya', 'tokyo', '世田谷区', 'せたがやく', NULL, '区', 'jp', '2025-11-15T12:11:14.633Z', '2025-11-15T12:11:14.633Z'),
  ('shibuya', 'tokyo', '渋谷区', 'しぶやく', NULL, '区', 'jp', '2025-11-15T12:11:14.633Z', '2025-11-15T12:11:14.633Z'),
  ('nakano', 'tokyo', '中野区', 'なかのく', NULL, '区', 'jp', '2025-11-15T12:11:14.633Z', '2025-11-15T12:11:14.633Z'),
  ('suginami', 'tokyo', '杉並区', 'すぎなみく', NULL, '区', 'jp', '2025-11-15T12:11:14.633Z', '2025-11-15T12:11:14.633Z'),
  ('toshima', 'tokyo', '豊島区', 'としまく', NULL, '区', 'jp', '2025-11-15T12:11:14.633Z', '2025-11-15T12:11:14.633Z'),
  ('kita', 'tokyo', '北区', 'きたく', NULL, '区', 'jp', '2025-11-15T12:11:14.633Z', '2025-11-15T12:11:14.633Z'),
  ('arakawa', 'tokyo', '荒川区', 'あらかわく', NULL, '区', 'jp', '2025-11-15T12:11:14.633Z', '2025-11-15T12:11:14.633Z'),
  ('itabashi', 'tokyo', '板橋区', 'いたばしく', NULL, '区', 'jp', '2025-11-15T12:11:14.633Z', '2025-11-15T12:11:14.633Z'),
  ('nerima', 'tokyo', '練馬区', 'ねりまく', NULL, '区', 'jp', '2025-11-15T12:11:14.633Z', '2025-11-15T12:11:14.633Z'),
  ('adachi', 'tokyo', '足立区', 'あだちく', NULL, '区', 'jp', '2025-11-15T12:11:14.633Z', '2025-11-15T12:11:14.633Z'),
  ('katsushika', 'tokyo', '葛飾区', 'かつしかく', NULL, '区', 'jp', '2025-11-15T12:11:14.633Z', '2025-11-15T12:11:14.633Z'),
  ('edogawa', 'tokyo', '江戸川区', 'えどがわく', NULL, '区', 'jp', '2025-11-15T12:11:14.633Z', '2025-11-15T12:11:14.633Z'),
  ('yokohama', 'kanagawa', '横浜市', 'よこはまし', NULL, '市', 'jp', '2025-11-15T12:11:14.633Z', '2025-11-15T12:11:14.633Z'),
  ('kawasaki', 'kanagawa', '川崎市', 'かわさきし', NULL, '市', 'jp', '2025-11-15T12:11:14.633Z', '2025-11-15T12:11:14.633Z'),
  ('saitama', 'saitama', 'さいたま市', 'さいたまし', NULL, '市', 'jp', '2025-11-15T12:11:14.633Z', '2025-11-15T12:11:14.633Z'),
  ('chiba', 'chiba', '千葉市', 'ちばし', NULL, '市', 'jp', '2025-11-15T12:11:14.633Z', '2025-11-15T12:11:14.633Z'),
  ('osaka', 'osaka', '大阪市', 'おおさかし', NULL, '市', 'jp', '2025-11-15T12:11:14.633Z', '2025-11-15T12:11:14.633Z'),
  ('kyoto', 'kyoto', '京都市', 'きょうとし', NULL, '市', 'jp', '2025-11-15T12:11:14.633Z', '2025-11-15T12:11:14.633Z'),
  ('kobe', 'hyogo', '神戸市', 'こうべし', NULL, '市', 'jp', '2025-11-15T12:11:14.633Z', '2025-11-15T12:11:14.633Z'),
  ('nagoya', 'aichi', '名古屋市', 'なごやし', NULL, '市', 'jp', '2025-11-15T12:11:14.633Z', '2025-11-15T12:11:14.633Z'),
  ('fukuoka', 'fukuoka', '福岡市', 'ふくおかし', NULL, '市', 'jp', '2025-11-15T12:11:14.633Z', '2025-11-15T12:11:14.633Z'),
  ('sapporo', 'hokkaido', '札幌市', 'さっぽろし', NULL, '市', 'jp', '2025-11-15T12:11:14.633Z', '2025-11-15T12:11:14.633Z')
ON CONFLICT (id) DO NOTHING;

-- ===============================
-- 4. 街（駅）データ投入
-- ===============================

INSERT INTO machi (id, name, name_kana, name_translations, latitude, longitude, lines, prefecture_id, city_id, country_code, prefecture_name, prefecture_name_translations, city_name, city_name_translations, created_at, updated_at) VALUES
  ('machi_chiyoda_kayabacho', '茅場町', '', NULL, 35.68055, 139.77694, '[{"ja":"東京メトロ日比谷線"}]'::jsonb, 'tokyo', 'chuo', 'jp', '東京都', NULL, '中央区', NULL, '2025-11-15T12:11:14.633Z', '2025-11-15T12:11:14.633Z'),
  ('machi_kita_higashijujo', '東十条', '', NULL, 35.75333, 139.72583, '[{"ja":"JR京浜東北線"}]'::jsonb, 'tokyo', 'kita', 'jp', '東京都', NULL, '北区', NULL, '2025-11-15T12:11:14.633Z', '2025-11-15T12:11:14.633Z'),
  ('machi_shibuya_ebisu', '恵比寿', '', NULL, 35.64669, 139.71028, '[{"ja":"JR山手線"}]'::jsonb, 'tokyo', 'shibuya', 'jp', '東京都', NULL, '渋谷区', NULL, '2025-11-15T12:11:14.633Z', '2025-11-15T12:11:14.633Z'),
  ('machi_shibuya_daikanyama', '代官山', '', NULL, 35.64972, 139.70389, '[{"ja":"東急東横線"}]'::jsonb, 'tokyo', 'shibuya', 'jp', '東京都', NULL, '渋谷区', NULL, '2025-11-15T12:11:14.633Z', '2025-11-15T12:11:14.633Z'),
  ('machi_setagaya_shimokitazawa', '下北沢', '', NULL, 35.66111, 139.66861, '[{"ja":"小田急小田原線"}]'::jsonb, 'tokyo', 'setagaya', 'jp', '東京都', NULL, '世田谷区', NULL, '2025-11-15T12:11:14.633Z', '2025-11-15T12:11:14.633Z'),
  ('machi_setagaya_sangenjaya', '三軒茶屋', '', NULL, 35.64361, 139.66944, '[{"ja":"東急田園都市線"}]'::jsonb, 'tokyo', 'setagaya', 'jp', '東京都', NULL, '世田谷区', NULL, '2025-11-15T12:11:14.633Z', '2025-11-15T12:11:14.633Z'),
  ('machi_meguro_nakameguro', '中目黒', '', NULL, 35.64444, 139.69889, '[{"ja":"東急東横線"}]'::jsonb, 'tokyo', 'meguro', 'jp', '東京都', NULL, '目黒区', NULL, '2025-11-15T12:11:14.633Z', '2025-11-15T12:11:14.633Z'),
  ('machi_meguro_jiyugaoka', '自由が丘', '', NULL, 35.60778, 139.66861, '[{"ja":"東急東横線"}]'::jsonb, 'tokyo', 'meguro', 'jp', '東京都', NULL, '目黒区', NULL, '2025-11-15T12:11:14.633Z', '2025-11-15T12:11:14.633Z'),
  ('machi_taito_asakusa', '浅草', '', NULL, 35.71167, 139.79667, '[{"ja":"東京メトロ銀座線"}]'::jsonb, 'tokyo', 'taito', 'jp', '東京都', NULL, '台東区', NULL, '2025-11-15T12:11:14.633Z', '2025-11-15T12:11:14.633Z'),
  ('machi_taito_ueno', '上野', '', NULL, 35.71389, 139.77722, '[{"ja":"JR山手線"}]'::jsonb, 'tokyo', 'taito', 'jp', '東京都', NULL, '台東区', NULL, '2025-11-15T12:11:14.633Z', '2025-11-15T12:11:14.633Z'),
  ('machi_sumida_oshiage', '押上', '', NULL, 35.71028, 139.8125, '[{"ja":"東京メトロ半蔵門線"}]'::jsonb, 'tokyo', 'sumida', 'jp', '東京都', NULL, '墨田区', NULL, '2025-11-15T12:11:14.633Z', '2025-11-15T12:11:14.633Z'),
  ('machi_koto_kiba', '木場', '', NULL, 35.67028, 139.80556, '[{"ja":"東京メトロ東西線"}]'::jsonb, 'tokyo', 'koto', 'jp', '東京都', NULL, '江東区', NULL, '2025-11-15T12:11:14.633Z', '2025-11-15T12:11:14.633Z'),
  ('machi_nakano_nakano', '中野', '', NULL, 35.70583, 139.66556, '[{"ja":"JR中央線"}]'::jsonb, 'tokyo', 'nakano', 'jp', '東京都', NULL, '中野区', NULL, '2025-11-15T12:11:14.633Z', '2025-11-15T12:11:14.633Z'),
  ('machi_suginami_koenji', '高円寺', '', NULL, 35.70528, 139.64917, '[{"ja":"JR中央線"}]'::jsonb, 'tokyo', 'suginami', 'jp', '東京都', NULL, '杉並区', NULL, '2025-11-15T12:11:14.633Z', '2025-11-15T12:11:14.633Z'),
  ('machi_suginami_ogikubo', '荻窪', '', NULL, 35.70472, 139.61972, '[{"ja":"JR中央線"}]'::jsonb, 'tokyo', 'suginami', 'jp', '東京都', NULL, '杉並区', NULL, '2025-11-15T12:11:14.633Z', '2025-11-15T12:11:14.633Z'),
  ('machi_toshima_ikebukuro', '池袋', '', NULL, 35.73028, 139.71083, '[{"ja":"JR山手線"}]'::jsonb, 'tokyo', 'toshima', 'jp', '東京都', NULL, '豊島区', NULL, '2025-11-15T12:11:14.633Z', '2025-11-15T12:11:14.633Z'),
  ('machi_toshima_otsuka', '大塚', '', NULL, 35.73111, 139.72861, '[{"ja":"JR山手線"}]'::jsonb, 'tokyo', 'toshima', 'jp', '東京都', NULL, '豊島区', NULL, '2025-11-15T12:11:14.633Z', '2025-11-15T12:11:14.633Z'),
  ('machi_adachi_kitasenju', '北千住', '', NULL, 35.74889, 139.80472, '[{"ja":"東京メトロ千代田線"}]'::jsonb, 'tokyo', 'adachi', 'jp', '東京都', NULL, '足立区', NULL, '2025-11-15T12:11:14.633Z', '2025-11-15T12:11:14.633Z'),
  ('machi_katsushika_kameari', '亀有', '', NULL, 35.76111, 139.84833, '[{"ja":"JR常磐線"}]'::jsonb, 'tokyo', 'katsushika', 'jp', '東京都', NULL, '葛飾区', NULL, '2025-11-15T12:11:14.633Z', '2025-11-15T12:11:14.633Z'),
  ('machi_chiyoda_tokyo', '東京', '', NULL, 35.68139, 139.76611, '[{"ja":"JR山手線"}]'::jsonb, 'tokyo', 'chiyoda', 'jp', '東京都', NULL, '千代田区', NULL, '2025-11-15T12:11:14.633Z', '2025-11-15T12:11:14.633Z'),
  ('machi_shinjuku_shinjuku', '新宿', '', NULL, 35.68944, 139.70056, '[{"ja":"JR山手線"}]'::jsonb, 'tokyo', 'shinjuku', 'jp', '東京都', NULL, '新宿区', NULL, '2025-11-15T12:11:14.633Z', '2025-11-15T12:11:14.633Z'),
  ('machi_shibuya_shibuya', '渋谷', '', NULL, 35.65861, 139.70139, '[{"ja":"JR山手線"}]'::jsonb, 'tokyo', 'shibuya', 'jp', '東京都', NULL, '渋谷区', NULL, '2025-11-15T12:11:14.633Z', '2025-11-15T12:11:14.633Z'),
  ('machi_shibuya_harajuku', '原宿', '', NULL, 35.67056, 139.70278, '[{"ja":"JR山手線"}]'::jsonb, 'tokyo', 'shibuya', 'jp', '東京都', NULL, '渋谷区', NULL, '2025-11-15T12:11:14.633Z', '2025-11-15T12:11:14.633Z'),
  ('machi_shinagawa_shinagawa', '品川', '', NULL, 35.62889, 139.74028, '[{"ja":"JR山手線"}]'::jsonb, 'tokyo', 'shinagawa', 'jp', '東京都', NULL, '品川区', NULL, '2025-11-15T12:11:14.633Z', '2025-11-15T12:11:14.633Z'),
  ('machi_shinagawa_gotanda', '五反田', '', NULL, 35.62583, 139.72361, '[{"ja":"JR山手線"}]'::jsonb, 'tokyo', 'shinagawa', 'jp', '東京都', NULL, '品川区', NULL, '2025-11-15T12:11:14.633Z', '2025-11-15T12:11:14.633Z')
ON CONFLICT (id) DO NOTHING;
